/*USE inventorymgt;
INSERT INTO unit (id,name) VALUES  (1,'KG'), (3,'Litter'), (2,'Piece');
INSERT INTO `ledgergroup` (`id`,`groupName`,`stmntType`,`accountType`) VALUES (1,'Bank Accounts',NULL,'Asset'), (2,'Bank OCC A/c',NULL,'Liability'), (3,'Bank OD A/c',NULL,'Liability'), (4,'Branch / Divisions',NULL,'Branch'), (5,'Capital Account',NULL,'Liability'), (6,'Cash-in-hand',NULL,'Asset'), (7,'Current Assets',NULL,'Asset'), (8,'Current Liabilities',NULL,'Liability'), (9,'Deposits (Assets)',NULL,'Asset'), (10,'Direct Expenses',NULL,'Direct Expense'), (11,'Direct Incomes',NULL,'Direct Income'), (12,'Duties & Taxes',NULL,'Liability'), (13,'Expenses (Direct)',NULL,'Direct Expense'), (14,'Expenses (Indirect)',NULL,'Indirect Expence'), (15,'Fixed Assets',NULL,'Asset'), (16,'Income (Direct)',NULL,'Direct Income'), (17,'Income (Indirect)',NULL,'Indirect Income'), (18,'Indirect Expenses',NULL,' Indirect Expense'), (19,'Indirect Incomes',NULL,'Indirect Income'), (20,'Investments',NULL,'Asset'), (21,'Loan & Advances (Asset)',NULL,'Asset'), (22,'Loans (Liability)',NULL,'Liability'), (23,'Misc. Expenses (Asset)',NULL,' Indirect Expense'), (24,'Provisions',NULL,'Liability'), (25,'Purchase Accounts',NULL,'Direct Expense'), (26,'Reserves & Surplus',NULL,'Liability'), (27,'Retained Earnings',NULL,'Liability'), (28,'Sales Account',NULL,'Direct Income'), (29,'Secured Loans',NULL,'Liability'), (30,'Stock-in-hand',NULL,'Asset'), (31,'Sundry Creditors',NULL,'Liability'), (32,'Sundry Debtors',NULL,'Asset'), (33,'Suspense A/c',NULL,'Suspense'), (34,'Unsecured Loans',NULL,'Liability');
INSERT INTO MultiCurrency (id,name,symbol,rate) VALUES  (1,'India Rupee','Rs.',1),(2,'Dollar','$',60),(3,'E.','u20AC',83);
INSERT INTO ShipmentMode (id,name) VALUES  (1,'NA'),(2,'Air'),(3,'Sea');
INSERT INTO `company` (`id`,`accountName`,`accountNumber`,`bankName`,`bankPlace`,`branch`,`email`,`endDate`,`incomeTaxNumber`,`isDefault`,`mailingAddress`,`managingDirector`,`name`,`pinCode`,`salesTaxNumber`,`startDate`,`state`,`swiftCode`) VALUES (1,'','','','','','','2015-03-31','',0x01,'','','aaa','','','2014-04-01','','');
INSERT INTO `packingtype` (`id`,`weight`,`name`,`company_id`) VALUES (1,'2.00','Steel',1);
INSERT INTO `stockgroup` (`id`,`name`,`company_id`) VALUES (1,'Stationary',1), (2,'General',1);
INSERT INTO `ledger` (`id`,`address`,`availableBalance`,`email`,`fax`,`incomeTaxNo`,`ledgerName`,`name`,`narration`,`openingBalance`,`salesTaxNo`,`telephone`,`company_id`,`ledgerGroup_id`) VALUES  (1,'','0.00','','','','Purchase Account','','','0.00','','',1,25), (2,'','0.00','','','','Discount Received','','','0.00','','',1,19), (3,'','0.00','','','','Sales Account','','','0.00','','',1,28), (4,'','0.00','','','','Discount Allowed','','','0.00','','',1,18), (5,'','0.00','','','','Cash','','','0.00','','',1,6);
INSERT INTO `numberproperty` (`id`,`category`,`categoryPrefix`,`number`,`company_id`) VALUES  (1,'Sales','S',1,NULL), (2,'SalesPreforma','SP',1,NULL), (3,'Payment','P',1,NULL), (4,'Receipt','R',1,NULL), (5,'Contra','CNTR',1,NULL), (6,'Journal','J',1,NULL), (7,'CommercialInvoice','CI',1,NULL), (8,'PurchaseReturn','PR',1,NULL), (9,'SalesReturn','SR',1,NULL), (10,'Purchase','PUR',1,NULL), (11,'PackingListInvoice','P',1,NULL), (12,'PackingListNumberOfPack','PLN',1,NULL),(13,'PurchaseOrder','PO',NULL);
INSERT INTO `privileges` (`id`,`name`) VALUES  (1,'PurchaseMenuItem'), (2,'StockMenuItem'), (3,'AccountsMenuItem'), (4,'OptionsMenuItem'), (5,'CompanyMenuItem'), (6,'HistoryMenuItem'), (7,'UserMenuItem'), (8,'PurchaseSidePanel'), (9,'SalesPreformaSidePanel'), (10,'PackingListSidePanel'), (11,'SalesSidePanel'), (12,'PaymentSidePanel'), (13,'ReceiptSidePanel'), (14,'ContraSidePanel'), (15,'JournalSidePanel'), (16,'PurchaseReturnsSidePanel'), (17,'SalesReturnsSidePanel'), (18,'TrialBalanceSidePanel'), (19,'PLAccountSidePanel'), (20,'BalanceSheetSidePanel'),(21,'Edit'),(22,'StoreKeeper');
INSERT INTO `user` (`id`,`designation`,`email`,`name`,`password`,`telephone`,`userName`,`userType`) VALUES  (1,'Managing Director','ameen@gmail.com','Ameen','ameen',NULL,'ameen@gmail.com','Administrator'), (2,'','','x','x',NULL,'x','Administrator');
INSERT INTO `user_privileges` (`user_id`,`privileges_id`) VALUES  (1,15), (1,9), (1,7), (1,1), (1,10), (1,6), (1,2), (1,11), (1,14), (1,5), (1,19), (1,16), (1,8), (1,12), (1,20),(1,21), (1,4), (1,13), (1,3), (1,18), (1,17),(2,15), (2,9), (2,7), (2,1), (2,10), (2,6), (2,2), (2,11), (2,14), (2,5), (2,19), (2,16), (2,8), (2,12), (2,20), (2,4), (2,13), (2,3), (2,18), (2,17),(2,21);
/*INSERT INTO ledgergroup (id,groupName) VALUES  (1,'Bank Accounts'), (2,'Bank OCC A/c'), (3,'Bank OD A/c'), (4,'Branch / Divisions'), (5,'Capital Account'), (6,'Cash-in-hand'), (7,'Current Assets'), (8,'Current Liabilities'), (9,'Deposits (Assets)'), (10,'Direct Expenses'), (11,'Direct Incomes'), (12,'Duties & Taxes'), (13,'Expenses (Direct)'), (14,'Expenses (Indirect)'), (15,'Fixed Assets'), (16,'Income (Direct)'), (17,'Income (Indirect)'), (18,'Indirect Expenses'), (19,'Indirect Incomes'), (20,'Investments'), (21,'Loan & Advances (Asset)'), (22,'Loans (Liability)'), (23,'Misc. Expenses (Asset)'), (24,'Provisions'), (25,'Purchase Accounts'), (26,'Reserves & Surplus'), (27,'Retained Earnings'), (28,'Sales Account'), (29,'Secured Loans'), (30,'Stock-in-hand'), (31,'Sundry Creditors'), (32,'Sundry Debtors'), (33,'Suspense A/c'), (34,'Unsecured Loans');*/